Site,Date,PointID,DomTree,DomShrub,SecTree,SecShrub,PctTree,PctShrub,PctForb,PctGrass,Habitat Type,Move point??,X,Y,Notes,
AbdRoyWit,5/16/2023,AbdRoyWit.01,Deciduous,Blackberry,Deciduous,other,30,30,5,35,Pasture with poop,,,,Other is honeysuckle,
AbdRoyWit,5/16/2023,AbdRoyWit.02,Deciduous,Blackberry,Deciduous,Coralberry,40,40,5,30,Active Pasture_cows,,,,,
AbdRoyWit,6/19/2023,AbdRoyWit.03,Deciduous,Blackberry,Deciduous,Saplings,35,80,20,30,Active Pasture_cows,,,,on old mowed row,
AbdRoyWit,5/16/2023,AbdRoyWit.04,Deciduous,Blackberry,Deciduous,Multiflora Rose,25,35,5,35,Pasture with poop,,,,"Maybe abandoned, somewhat overgrown but old poop",
AbdRoyWit,5/16/2023,AbdRoyWit.05,Deciduous,Blackberry,Deciduous,Multiflora Rose,10,50,4,45,Pasture with poop,,,,Poop but overgrown,
AbdRoyWit,5/16/2023,AbdRoyWit.06,Deciduous,Multiflora Rose,Deciduous,Blackberry,30,30,10,30,Pasture with poop,,,,,
AbdRoyWit,5/16/2023,AbdRoyWit.07,Deciduous,Blackberry,NA,Barberry,50,40,10,80,Pasture with poop,,,,"great habitat, some goldenrod",
AbdRoyWit,5/16/2023,AbdRoyWit.08,Deciduous,Blackberry,NA,Barberry,75,70,10,75,Abandoned pasture,,,,ALSO SOME MORROW'S HONEYSUCKLE SHRUB,
AbdRoyWit,5/16/2023,AbdRoyWit.09,Deciduous,Blackberry,NA,Multiflora Rose,50,30,5,75,Pasture with poop,,,,,
AbdRoyWit,5/16/2023,AbdRoyWit.10,Deciduous,Blackberry,NA,Barberry,40,20,5,95,Pasture with poop,,,,"habitat looks good, not sure why no GWWA",
AMI,5/8/2023,AMI01,Deciduous,Blackberry,Conifer,Coralberry,20,20,15,45,Pasture with poop,,,,,
AMI,5/8/2023,AMI02,Deciduous,Autumn Olive,Deciduous,Blackberry,20,30,10,40,Pasture with poop,YES,38.43561,-79.68637,,
AMI,5/8/2023,AMI03,Deciduous,Hawthorne,Deciduous,Autumn Olive,60,10,10,60,Abandoned pasture,,,,,
AMI,5/8/2023,AMIroad_1,Deciduous,Hawthorne,Conifer,None,15,25,15,45,Abandoned pasture,,,,,
AMI,5/8/2023,AMIroad_2,Deciduous,Hawthorne,NA,Saplings,5,15,5,75,Pasture with poop,,,,too grassy at point. hbaitat might be good downhill,
Banks,5/19/2023,Banks1.01,Deciduous,Blackberry,Deciduous,Barberry,60,40,5,70,Abandoned pasture,,,,woodsy area with openings and adjacent old pasture,
Banks,5/20/2023,Banks2.01,Deciduous,Barberry,Deciduous,Blackberry,50,30,5,70,Abandoned pasture,,,,"pasture at forest edge with nearby powerline cut, marginal habitat for GWWA",
Banks,5/20/2023,Banks2.02,Deciduous,Multiflora Rose,Conifer,Blackberry,50,40,5,70,Abandoned pasture,,,,"also heard grasshopper sparrow enroute to point, but not from point itself",
Banks,5/19/2023,Banks3.01,Deciduous,Barberry,Deciduous,Autumn Olive,5,10,5,95,Abandoned pasture,,,,,
Bettendorf,5/14/2023,Bettendor1,Deciduous,Blackberry,Deciduous,Coralberry,30,15,5,100,Active Pasture_cows,,,,,
Bettendorf,5/14/2023,Bettendor2,Deciduous,Blackberry,Deciduous,Barberry,20,50,20,100,Active Pasture_cows,,,,,
Bettendorf,5/14/2023,Bettendor3,Deciduous,Blackberry,Deciduous,None,30,5,50,90,Active Pasture_cows,,,,,
Big Lonely,5/18/2023,BigLon1,Deciduous,Blackberry,Deciduous,Multiflora Rose,30,40,5,90,Abandoned pasture,,,,abandoned pasture at forest edge,
Big Lonely,5/17/2023,BigLon10,Deciduous,Barberry,Deciduous,None,95,5,0,70,other,,,,woods without understory,
Big Lonely,5/16/2023,BigLon11,Deciduous,None,Deciduous,None,100,0,5,40,Mature forest,,,,"forest, little understory, nearby stream",
Big Lonely,5/16/2023,BigLon12,Deciduous,Multiflora Rose,Deciduous,Blackberry,90,5,5,5,Mature forest,,,,forest with small patch of open area,
Big Lonely,5/11/2023,BigLon13,Deciduous,None,Deciduous,None,100,0,0,20,Mature forest,,,,,
Big Lonely,5/9/2023,BigLon14,Deciduous,Blackberry,Deciduous,Barberry,40,80,5,80,Abandoned pasture,,,,,
Big Lonely,5/16/2023,BigLon15,Deciduous,None,Deciduous,None,95,0,5,5,Mature forest,,,,forest with little understory,
Big Lonely,5/16/2023,BigLon16,Deciduous,Barberry,Deciduous,None,90,5,5,5,Mature forest,,,,forest,
Big Lonely,5/10/2023,BigLon18,Deciduous,Blackberry,NA,Autumn Olive,30,40,5,70,Abandoned pasture,,,,,
Big Lonely,5/8/2023,BigLon19,Deciduous,Barberry,Deciduous,None,80,5,0,70,Mature forest,,,,wooded,
Big Lonely,5/19/2023,BigLon2,Deciduous,Blackberry,Deciduous,Barberry,30,40,5,70,Abandoned pasture,,,,"edge of pasture with adjacent woods, lots of rubus",
Big Lonely,5/11/2023,BigLon20,Deciduous,Multiflora Rose,Deciduous,Blackberry,50,25,5,60,Abandoned pasture,,,,forest edge adjacent to old pasture,
Big Lonely,5/7/2023,BigLon21,Deciduous,Blackberry,NA,Autumn Olive,40,20,0,50,Mature forest,,,,wooded and streamside,
Big Lonely,5/10/2023,BigLon22,Deciduous,None,Deciduous,None,100,0,10,5,Mature forest,,,,"wooded area ~200+m from abandoned pasture, not WWA habitat",
Big Lonely,5/9/2023,BigLon23,Deciduous,Barberry,Deciduous,Blackberry,90,5,0,90,Mature forest,,,,wooded ane uphill from abandoned pasture,
Big Lonely,5/8/2023,BigLon24,Deciduous,Barberry,Deciduous,None,90,5,0,70,Abandoned pasture,,,,woods of abandoned pasture,
Big Lonely,5/8/2023,BigLon25,Deciduous,Blackberry,Deciduous,Barberry,50,10,5,60,Abandoned pasture,,,,edge of pasture and woods,
Big Lonely,5/7/2023,BigLon26,Deciduous,Barberry,Deciduous,None,70,60,0,20,Forest with shrubby understory,,,,wooded and pasture edge,
Big Lonely,5/10/2023,BigLon28,Deciduous,Blackberry,Deciduous,None,40,30,5,70,Abandoned pasture,,,,,
Big Lonely,5/8/2023,BigLon29,NA,Barberry,NA,None,0,5,5,100,Abandoned pasture,,,,"open pasture w/ no GWWA habitat, heard SASP on way to point",
Big Lonely,5/17/2023,BigLon3,Deciduous,Multiflora Rose,Deciduous,None,40,5,5,85,other,,,,"wooded area, grass, not much understory",
Big Lonely,5/11/2023,BigLon30,Deciduous,Multiflora Rose,Conifer,Barberry,15,5,10,80,Abandoned pasture,,,,,
Big Lonely,5/7/2023,BigLon31,Deciduous,Barberry,Deciduous,Blackberry,5,10,0,90,Abandoned pasture,,,,,
Big Lonely,5/7/2023,BigLon32,Deciduous,Barberry,Deciduous,Blackberry,10,25,0,70,Abandoned pasture,,,,,
Big Lonely,5/17/2023,BigLon33,Deciduous,Blackberry,Deciduous,None,30,30,5,90,Abandoned pasture,,,,abandoned pasture and wood edge,
Big Lonely,5/17/2023,BigLon34,Deciduous,Blackberry,Deciduous,Multiflora Rose,40,30,5,80,Abandoned pasture,,,,abandoned pasture and forest edge,
Big Lonely,5/19/2023,BigLon35,Deciduous,Multiflora Rose,Deciduous,Blackberry,10,35,5,80,Abandoned pasture,,,,excellent hab with adjacent woods on sloping hill,
Big Lonely,5/9/2023,BigLon36,Conifer,Blackberry,NA,Autumn Olive,10,80,0,80,Abandoned pasture,,,,open habitat with adjacent conifers and nearvy mowed area,
Big Lonely,5/18/2023,BigLon37,Deciduous,Multiflora Rose,Deciduous,Blackberry,20,40,5,70,Abandoned pasture,,,,abandoned pasture with scattered trees on other side of overgrown fence line,
Big Lonely,5/18/2023,BigLon38,Deciduous,Blackberry,NA,Multiflora Rose,,,,,Abandoned pasture,,,,percentages not filled out on data sheet,
Big Lonely,5/19/2023,BigLon39,Deciduous,Barberry,Deciduous,None,90,20,5,10,Mature forest,,,,woods with nearby corridor of abandoned pasture,
Big Lonely,5/17/2023,BigLon4,Deciduous,Barberry,Deciduous,None,95,5,5,80,other,,,,woods without understory,
Big Lonely,5/7/2023,BigLon40,Deciduous,Blackberry,Deciduous,Barberry,60,70,0,20,Abandoned pasture,,,,part wooded,
Big Lonely,5/17/2023,BigLon41,Deciduous,Multiflora Rose,Deciduous,Blackberry,10,20,5,100,Abandoned pasture,,,,looks good but no GWWA,
Big Lonely,5/10/2023,BigLon42,Deciduous,Multiflora Rose,Deciduous,Barberry,90,10,5,0,other,,,,"wooded and flowing brook, not ideal habitat but maybe decent habitat nearby due to GWWA coming in",
Big Lonely,5/18/2023,BigLon43,Conifer,Blackberry,NA,Multiflora Rose,40,10,5,80,Abandoned pasture,,,,row of pines at edge of old pasture,
Big Lonely,5/16/2023,BigLon5,Deciduous,Blackberry,Deciduous,Multiflora Rose,5,15,5,95,Abandoned pasture,,,,,
Big Lonely,5/11/2023,BigLon6,Deciduous,Multiflora Rose,NA,Barberry,80,25,5,5,Mature forest,,,,woods,
Big Lonely,5/9/2023,BigLon7,Deciduous,Blackberry,Deciduous,Multiflora Rose,30,30,0,70,Active Pasture_horses,,,,wooded area adjacent,
Big Lonely,5/18/2023,BigLon8,Deciduous,Multiflora Rose,Deciduous,None,90,5,5,40,Mature forest,,,,"woods with little understory, nearby abandoned pasture",
Big Lonely,5/18/2023,BigLon9,Deciduous,None,Deciduous,None,95,0,5,0,Mature forest,,,,"woods, stream in deep ravine",
Bird,6/5/2023,Bird1.01,Deciduous,Coralberry,Deciduous,Blackberry,50,40,10,30,Pasture with poop,,,,,
Bird,6/5/2023,Bird1.02,Deciduous,Blackberry,Deciduous,Coralberry,30,50,10,100,Active Pasture_cows,,,,edge mature forest near small stream ,
Bird,6/6/2023,Bird2.01,Deciduous,Blackberry,Deciduous,Multiflora Rose,5,50,5,40,Active Pasture_cows,,,,,
Bird,6/6/2023,Bird2.02,Deciduous,Blackberry,Deciduous,Saplings,50,30,5,45,Active Pasture_cows,,,,on forest edge,
Bird,6/6/2023,Bird3.01,Deciduous,Blackberry,Deciduous,Coralberry,40,30,10,80,Pasture with poop,,,,,
Bird,6/6/2023,Bird3.02,Deciduous,Blackberry,Deciduous,Coralberry,20,15,5,60,Active Pasture_cows,,,,,
Bird,6/6/2023,Bird3.03,Deciduous,Blackberry,Deciduous,Coralberry,5,15,5,75,Active Pasture_cows,,,,,
Bird,6/18/2023,Bird3.04,Deciduous,Blackberry,NA,Multiflora Rose,5,40,5,100,Active Pasture_cows,,,,,
Bird,6/6/2023,Bird3.05,Deciduous,Blackberry,Deciduous,Saplings,10,15,5,70,Active Pasture_cows,,,,,
CFJ,5/17/2023,CFJ.01,Deciduous,Barberry,Deciduous,Blackberry,15,20,5,60,Pasture with poop,,,,,
CFJ,5/17/2023,CFJ.02,Deciduous,Barberry,Deciduous,Blackberry,30,30,5,35,Pasture with poop,,,,,
CFJ,5/17/2023,CFJ.03,Deciduous,Multiflora Rose,Deciduous,Autumn Olive,40,50,15,100,Abandoned pasture,,,,,
CFJ,5/17/2023,CFJ.04,Deciduous,Autumn Olive,Deciduous,Blackberry,40,30,10,90,Pasture with poop,,,,,
CFJ,5/17/2023,CFJ.05,Deciduous,Blackberry,Deciduous,Barberry,30,70,90,60,Pasture with poop,,,,,
CFJ,5/17/2023,CFJ.06,Deciduous,Barberry,Deciduous,Multiflora Rose,60,30,40,60,Pasture with poop,,,,,
CFJ,5/17/2023,CFJ.07,Deciduous,Blackberry,Deciduous,Multiflora Rose,10,40,30,100,Pasture with poop,,,,,
CFJ,5/17/2023,CFJ.08,Deciduous,Blackberry,Deciduous,Multiflora Rose,70,25,15,5,Pasture with poop,,,,,
CFJ,5/17/2023,CFJ.09,Deciduous,Blackberry,Deciduous,Barberry,40,60,10,10,Pasture with poop,,,,,
CFJ,5/17/2023,CFJ.10,Deciduous,Multiflora Rose,Deciduous,Blackberry,45,45,15,70,Pasture with poop,,,,,
CFJ,5/17/2023,CFJ.11,Deciduous,Barberry,Deciduous,Multiflora Rose,40,60,60,40,Active Pasture_cows,,,,,
CFJ,5/17/2023,CFJ.12,Deciduous,Barberry,Deciduous,Blackberry,50,30,40,40,Pasture with poop,,,,Primary shrub recorded as barberry/rose,
CFJ,5/17/2023,CFJ.13,Deciduous,Multiflora Rose,Deciduous,Blackberry,20,20,5,55,Pasture with poop,,,,,
CFJ,5/17/2023,CFJ14,Deciduous,Blackberry,Deciduous,Autumn Olive,5,75,10,60,Pasture with poop,,,,,
CFJ,5/17/2023,CFJ15,Deciduous,Multiflora Rose,Deciduous,Barberry,35,10,5,50,Pasture with poop,,,,,
CFJ,5/17/2023,CFJ16,Deciduous,Barberry,Deciduous,Multiflora Rose,60,20,5,15,Active Pasture_horses,,,,,
CFJ,5/17/2023,CFJ17,Deciduous,Barberry,Deciduous,Multiflora Rose,90,25,30,70,Regen timber harvest,,,,,
CWimer,5/16/2023,CWimer07,Deciduous,Blackberry,NA,None,15,5,5,100,Pasture with poop,,,,open pasture with scattered patches of BB just outside of 50m and an open stand of locust,
CWimer,5/16/2023,CWimer08,Deciduous,Blackberry,NA,None,70,25,5,60,Abandoned pasture,,,,"habitat looks great, surprized no birds",
CWimer,5/16/2023,CWimer09,Deciduous,Saplings,NA,None,100,5,5,5,Mature forest,,,,,
CWimer,5/16/2023,CWimer10,Deciduous,Blackberry,NA,Barberry,40,20,5,95,Pasture with poop,,,,"habitat looks great, surprized no birds",
Eager,5/8/2023,Eager.01,Deciduous,Blackberry,Deciduous,Barberry,10,40,5,45,Abandoned pasture,,,,Not overgrown,
Eager,5/8/2023,Eager.02,Deciduous,Blackberry,Deciduous,Barberry,30,20,5,45,other,,,,"Riverside, no livestock evidence but not overgrown, mowed but not recently",
Eager,5/8/2023,Eager.03,Deciduous,Barberry,Deciduous,Multiflora Rose,25,25,5,45,other,,,,No animal sign but near mowed/grazed pasture,
Eager,5/8/2023,Eager.04,Deciduous,Blackberry,Deciduous,Barberry,5,5,80,10,Recently mowed,,,,,
Eager,5/8/2023,Eager.05,Deciduous,Blackberry,Deciduous,Barberry,10,5,70,15,Recently mowed,,,,,
Eager,5/8/2023,Eager.06,Deciduous,Multiflora Rose,Deciduous,Blackberry,50,10,5,35,Forest with shrubby understory,,,,"Forest edge, other side of fence may be pasture",
Eager,5/8/2023,Eager.07,Deciduous,Barberry,Deciduous,Multiflora Rose,50,15,40,80,other,,,,grassy corridor between two clusters of mature forest,
Eager,5/8/2023,Eager.08,Deciduous,Barberry,Deciduous,Blackberry,20,40,80,30,Recently mowed,,,,"mowed over a year ago, meadow with some trees",
Eager,5/8/2023,Eager.09,Deciduous,Blackberry,Deciduous,None,25,40,15,100,Recently mowed,,,,MOWED PRIOR YEAR,
Eager,5/8/2023,Eager.10,Deciduous,Blackberry,Deciduous,Coralberry,5,40,30,100,Recently mowed,,,,mowed prior year,
Eager,5/8/2023,Eager.11,NA,Blackberry,NA,Multiflora Rose,0,20,5,100,Recently mowed,,,,moved prior year,
Eager,5/8/2023,Eager12,Deciduous,Blackberry,Deciduous,Multiflora Rose,5,5,5,85,Abandoned pasture,,,,,
Eager,5/8/2023,Eager14,Deciduous,Saplings,Deciduous,Blackberry,70,5,15,0,Mature forest,,,,,
Eager,5/8/2023,Eager15,Deciduous,Multiflora Rose,Deciduous,Barberry,70,5,20,5,Mature forest,,,,On old road,
Eager,5/8/2023,Eager16,Deciduous,Saplings,Deciduous,None,70,0,10,5,Mature forest,,,,,
Elliot,6/3/2023,Elliot.01,Deciduous,Blackberry,NA,Hawthorne,5,40,60,100,Abandoned pasture,,,,"short brambles, <2ft tall",
Elliot,6/3/2023,Elliot.02,Deciduous,Blackberry,Deciduous,Autumn Olive,10,70,60,100,Abandoned pasture,,,,good GWWA habitat,
Elliot,6/3/2023,Elliot.03,Deciduous,None,Deciduous,None,25,0,30,100,Abandoned pasture,,,,savannah grassland with tree corridors,
Elliot,6/2/2023,Elliot.04,Deciduous,Barberry,Deciduous,Hawthorne,60,40,40,100,Abandoned pasture,,,,small locust stand,
Elliot,6/2/2023,Elliot.05,Deciduous,Blackberry,Deciduous,Barberry,20,15,10,100,Abandoned pasture,,,,grassland,
Elliot,6/2/2023,Elliot.06,NA,Blackberry,NA,Multiflora Rose,0,40,70,100,Abandoned pasture,,,,grassland,
Elliot,6/2/2023,Elliot.07,Deciduous,Blackberry,Deciduous,Autumn Olive,5,30,30,100,Abandoned pasture,,,,habitat no longer ideal compared to Dan's surveys,
Elliot,6/2/2023,Elliot.08,Deciduous,Blackberry,Deciduous,Saplings,10,30,5,55,Abandoned pasture,,,,,
Elliot,6/2/2023,Elliot.09,Deciduous,Blackberry,Deciduous,Autumn Olive,10,50,10,50,Abandoned pasture,,,,,
Elliot,6/3/2023,Elliot.10,Deciduous,Blackberry,Deciduous,Coralberry,5,60,5,50,Abandoned pasture,,,,,
Elliot,6/2/2023,Elliot.11,Deciduous,Coralberry,Deciduous,Saplings,5,5,5,85,Abandoned pasture,,,,,
Elliot,6/5/2023,Elliot.12,Deciduous,Blackberry,NA,Coralberry,25,70,40,100,Active Pasture_cows,,,,cows put into field that day? did not see cows dy prior,
Elliot,6/2/2023,Elliot13,Deciduous,Saplings,Deciduous,Blackberry,10,30,5,55,Abandoned pasture,,,,,
Elliot,6/2/2023,Elliot14,Deciduous,Blackberry,Deciduous,Autumn Olive,10,20,10,60,Abandoned pasture,,,,,
Fossil Run,5/30/2023,FosRun02,Deciduous,Multiflora Rose,Deciduous,Blackberry,5,5,5,85,Abandoned pasture,,,,with road and stream,
Fossil Run,5/30/2023,FossRun01,Deciduous,Autumn Olive,Deciduous,Blackberry,20,5,5,70,Abandoned pasture,,,,,
Fossil Run,5/30/2023,FossRun03,Deciduous,Saplings,Deciduous,Multiflora Rose,45,5,5,45,other,,,,"half mowed row with some planted garden, half forest",
Gary,6/17/2023,Gary.01,Deciduous,other,Deciduous,other,5,40,80,50,other,,,,"willow and mtn laurel, beaver wetland",
Gary,6/16/2023,Gary.03,Deciduous,other,Conifer,Saplings,25,60,70,100,other,,,,beaver wetland,
Hughes,5/18/2023,Hughes1.01,Deciduous,Blackberry,Deciduous,Multiflora Rose,45,50,10,40,Pasture with poop,,,,Nearly abandoned,
Hughes,6/6/2023,Hughes1.02,Deciduous,Saplings,Deciduous,Blackberry,40,80,20,100,Pasture with poop,,,,scrubby habitat,
Hughes,5/18/2023,Hughes1.03,Deciduous,Blackberry,NA,Autumn Olive,0,15,5,90,Abandoned pasture,,,,"Way up to this point was better habitat with a singing male, waypoint recorded",
Hughes,5/18/2023,Hughes1.04,Deciduous,Blackberry,NA,Autumn Olive,50,35,10,70,Pasture with poop,,,,,
Hughes,5/18/2023,Hughes1.05,Deciduous,Autumn Olive,Deciduous,Barberry,15,30,10,70,Pasture with poop,,,,I think on the brink of abandoned according to Ron Hughes,
Hughes,5/18/2023,Hughes1.06,Deciduous,Blackberry,NA,Saplings,65,20,30,70,Pasture with poop,,,,on steep slope,
Hull,6/1/2023,Hull.09,Conifer,Saplings,Deciduous,Blackberry,20,10,10,60,,,,,"new road under new powerline row, also abandoned pasture",
Kiser,5/31/2023,Kiser.01,Deciduous,Blackberry,Deciduous,Barberry,25,50,10,100,Abandoned pasture,,,,"good, shrubby habitat with brambles",
Kiser,5/31/2023,Kiser.02,Deciduous,Multiflora Rose,Deciduous,Barberry,60,80,10,70,Abandoned pasture,,,,,
Kiser,5/31/2023,Kiser.3,Deciduous,Multiflora Rose,NA,Barberry,10,25,0,100,Active Pasture_cows,,,,"cleared/grazed, grassy field surrounded by forest",DROPPED POINT
Kiser,5/31/2023,Kiser.4,NA,Multiflora Rose,NA,Blackberry,0,15,5,100,Active Pasture_cows,,,,good habitat but isolated from other patches of good hbaitat,DROPPED POINT
Laurel Fork,6/17/2023,LaurFork01,Deciduous,Multiflora Rose,Conifer,Hawthorne,30,20,30,100,Abandoned pasture,,,,,
Laurel Fork,6/17/2023,LaurFork04,Deciduous,Saplings,Conifer,Saplings,10,40,70,100,Abandoned pasture,,,,,
Leech,6/10/2023,Leech03,Deciduous,Hawthorne,Deciduous,Multiflora Rose,30,15,10,100,Recently mowed,,,,hay field and ripariam edge,
Leech,6/10/2023,Leech05,Deciduous,Barberry,Deciduous,Saplings,5,5,5,85,Pasture with poop,,,,,
Laurel Fork Sapsuckers,5/8/2023,LFsap01,Deciduous,other,Deciduous,Saplings,80,20,0,0,Mature forest,,,,,
Laurel Fork Sapsuckers,5/8/2023,LFsap03,Deciduous,Blackberry,Deciduous,Saplings,25,55,5,10,Regen timber harvest,,,,"WOTH seen after survye, SWTH seen after survey",
Laurel Fork Sapsuckers,5/8/2023,LFsap04,Deciduous,Blackberry,Conifer,Saplings,55,5,10,30,Power line ROW,,,,mowed and regraveled road,
Laurel Fork Sapsuckers,5/8/2023,LFsap06,Deciduous,Blackberry,Deciduous,Saplings,30,45,5,20,Regen timber harvest,,,,"BCCH, COYE, HETH heard and WITU hen seen on way back",
Laurel Fork Sapsuckers,5/8/2023,LFsap07,Deciduous,Blackberry,Deciduous,Saplings,30,60,5,10,Regen timber harvest,,,,,
Little Valley,5/17/2023,LittleV09,Deciduous,Multiflora Rose,NA,Barberry,40,40,5,70,Pasture with poop,,,,near white farmhouse,
Little Valley,5/17/2023,LittleV10,Deciduous,Blackberry,Conifer,Barberry,50,40,10,70,Pasture with poop,,,,very nice mix of habitat components - took pano pic,
Little Valley,5/17/2023,LittleV11,Deciduous,Blackberry,NA,Multiflora Rose,40,40,20,70,Abandoned pasture,YES,38.187341,-79.694832,next to Gary house,
Little Valley,5/23/2023,LittleV01,Deciduous,Blackberry,Deciduous,Multiflora Rose,5,40,20,100,Active Pasture_cows,,,,,
Little Valley,5/17/2023,LittleV02,Deciduous,Autumn Olive,Deciduous,Multiflora Rose,5,30,50,100,Abandoned pasture,,,,GWWA came in after survey,
Little Valley,5/17/2023,LittleV03,Deciduous,Multiflora Rose,Deciduous,Coralberry,70,30,80,100,Power line ROW,,,,,
Little Valley,5/17/2023,LittleV04,Deciduous,Saplings,Deciduous,Autumn Olive,80,40,20,70,other,,,,"paved road, woods",
Little Valley,5/24/2023,LittleV05,Deciduous,Blackberry,Deciduous,Barberry,5,30,80,100,Abandoned pasture,,,,,
Little Valley,5/17/2023,LittleV06,Deciduous,Blackberry,Deciduous,Multiflora Rose,60,5,70,70,other,,,,paved road near abandoned pasture,
Little Valley,5/17/2023,LittleV07,Deciduous,Blackberry,Conifer,Multiflora Rose,40,70,15,60,Abandoned pasture,,,,"quite overgrown with BB, Forbs: golderod, jewelweed, wingstem",
Little Valley,5/17/2023,LittleV08,Deciduous,Blackberry,NA,None,30,50,5,70,Abandoned pasture,,,,also a narrow powerline ROW adjacent to road,
Little Valley,5/17/2023,LittleV12,Deciduous,Blackberry,Conifer,Multiflora Rose,40,35,10,65,Abandoned pasture,,,,,
Little Valley,5/17/2023,LittleV13,Deciduous,Barberry,NA,Blackberry,80,20,20,70,other,,,,"very old abandeoned pasture overgrown in 30ft, closed canopy locust",
Little Valley,5/17/2023,LittleV14,Deciduous,Blackberry,NA,Multiflora Rose,35,40,10,85,Pasture with poop,,,,"large pasture surrounded by mature forest, lots of BB patches in middle and all along edge, likely 5+ pairs in whole field",
Little Valley,5/17/2023,LittleV15,Deciduous,Blackberry,Conifer,Multiflora Rose,50,50,15,65,Abandoned pasture,YES,38.180043,-79.698822,,
Little Valley,5/17/2023,LittleV16,Deciduous,Blackberry,NA,Multiflora Rose,70,50,15,30,Pasture with poop,YES,38.177343,-79.699807,,
Lyons,6/8/2023,Lyons.02,Deciduous,Autumn Olive,Deciduous,Blackberry,15,15,10,60,Abandoned pasture,,,,next to road,
Mackenzie,6/2/2023,Mackenzie.02,Deciduous,Blackberry,Deciduous,Saplings,40,50,10,20,Abandoned pasture,,,,"good habitat, surprised no GWWA",
Mackenzie,6/1/2023,Mackenzie.01,Deciduous,Blackberry,Deciduous,Saplings,70,20,20,30,Mature forest,,,,"point is near road with cow pasture on other side, so hab includes some pasture",
Mackenzie,6/2/2023,Mackenzie.03,Deciduous,Blackberry,Deciduous,Multiflora Rose,,,,,Abandoned pasture,,,,"may be a dog in the pasture sometimes (plywood doghouse near gate), point in front of their practice targets",
Mullenax,5/30/2023,Mullenax1.01,Deciduous,Barberry,Conifer,Autumn Olive,40,50,10,100,Abandoned pasture,,,,"looks like they cleared veg, lots of invasives popped up",
Mullenax,5/30/2023,Mullenax1.02,Deciduous,Barberry,Deciduous,Multiflora Rose,50,60,30,100,Abandoned pasture,,,,,
Mullenax,5/30/2023,Mullenax1.03,Deciduous,Blackberry,Conifer,Autumn Olive,40,60,5,100,Abandoned pasture,,,,,
Mullenax,5/30/2023,Mullenax2.01,Deciduous,Blackberry,NA,Multiflora Rose,5,50,30,100,Abandoned pasture,,,,small patch of bramble,
Newlon,5/31/2023,Newlon.01,Deciduous,Blackberry,Deciduous,Saplings,20,30,5,45,Abandoned pasture,,,,one pine tree,
Newlon,6/1/2023,Newlon.02,Deciduous,Blackberry,Deciduous,Saplings,15,70,10,40,Abandoned pasture,,,,,
Nylander,5/10/2023,Nylander1,Deciduous,Coralberry,Deciduous,None,70,80,50,50,Mature forest,Yes,38.256113,-79.649634,,
Nylander,5/10/2023,Nylander2,Deciduous,Coralberry,Deciduous,Blackberry,40,80,50,40,Active Pasture_horses,,,,,
Nylander,5/10/2023,Nylander3,Deciduous,Coralberry,Deciduous,None,80,70,50,10,Forest with shrubby understory,,,,,
Nylander,5/10/2023,Nylander4,Deciduous,Blackberry,Deciduous,Coralberry,40,30,50,60,Active Pasture_horses,,,,,
Nylander,5/10/2023,Nylander5,NA,None,NA,None,0,0,15,100,Recently mowed,,,,,
Nylander,5/10/2023,Nylander6,Deciduous,Autumn Olive,Deciduous,Blackberry,5,10,30,100,Active Pasture_horses,,,,,
Bramble Hill,5/16/2023,ObryanColaw.01,Deciduous,Barberry,Deciduous,other,30,40,30,50,other,,,,"paved road, near riparian area",
Bramble Hill,5/16/2023,ObryanColaw.02,Deciduous,Barberry,Deciduous,other,70,30,50,40,Abandoned pasture,,,,,
Bramble Hill,5/16/2023,ObryanColaw.03,Deciduous,Autumn Olive,Deciduous,Blackberry,20,50,90,90,other,,,,"near stream and mowed 4x4 path, scrubby riparian habitat",
Bramble Hill,5/16/2023,ObryanColaw.04,Deciduous,Blackberry,Deciduous,Barberry,50,80,60,90,other,,,,50/50 mature forest and gw habitat,
Robertson,5/15/2023,Rob1.04,Deciduous,Blackberry,Deciduous,Autumn Olive,10,30,90,100,Active Pasture_horses,,,,,
Robertson,5/10/2023,Robertson1.01,Deciduous,Autumn Olive,Deciduous,Blackberry,25,20,10,45,Active Pasture_horses,,,,,
Robertson,5/10/2023,Robertson1.02,Deciduous,Autumn Olive,Deciduous,Blackberry,5,40,10,45,Active Pasture_horses,,,,,
Robertson,5/10/2023,Robertson1.03,Deciduous,Blackberry,Deciduous,Multiflora Rose,20,40,5,35,Active Pasture_horses,,,,,
Robertson,5/15/2023,Robertson1.04,Deciduous,Blackberry,Deciduous,Autumn Olive,10,30,90,100,Active Pasture_horses,,,,,
Robertson,5/14/2023,Robertson1.05,Deciduous,Multiflora Rose,Deciduous,Blackberry,40,15,20,30,Active Pasture_horses,,,,,
Robertson,5/10/2023,Robertson1.06,Deciduous,Blackberry,Deciduous,Multiflora Rose,15,60,21,10,Active Pasture_horses,,,,,
Robertson,5/10/2023,Robertson1.07,Deciduous,Autumn Olive,Deciduous,Blackberry,15,40,10,35,Active Pasture_horses,,,,,
Robertson,5/10/2023,Robertson1.09,Deciduous,other,Deciduous,None,85,5,10,0,Mature forest,,,,Shrub sp is unknown berry,
Robertson,5/10/2023,Robertson1.10,Deciduous,Multiflora Rose,Deciduous,Blackberry,15,30,5,50,Power line ROW,,,,,
Robertson,5/15/2023,Robertson1.11,Deciduous,Blackberry,Deciduous,Coralberry,5,5,5,85,Active Pasture_horses,,,,,
Robertson,5/14/2023,Robertson2.01,Deciduous,Barberry,Deciduous,Blackberry,50,25,10,30,Active Pasture_cows,,,,,
Robertson,5/14/2023,Robertson2.01,Deciduous,Blackberry,Deciduous,Multiflora Rose,45,40,10,20,Active Pasture_cows,,,,,
Robertson,5/14/2023,Robertson2.03,Deciduous,Blackberry,Deciduous,Multiflora Rose,35,20,45,5,Pasture with poop,,,,,
Robertson,5/14/2023,Robertson2.04,Deciduous,Blackberry,Deciduous,Multiflora Rose,5,50,70,100,Pasture with poop,,,,,
Robertson,5/14/2023,Robertson2.05,Deciduous,Multiflora Rose,Deciduous,Blackberry,30,20,4,45,Active Pasture_horses,,,,,
Robertson,5/14/2023,Robertson2.06,Deciduous,Blackberry,Deciduous,Multiflora Rose,35,30,10,40,Pasture with poop,,,,,
Robertson,5/14/2023,Robertson2.8,Deciduous,Blackberry,Deciduous,Multiflora Rose,40,30,5,40,Active Pasture_cows,,,,,
Robertson,5/14/2023,Robertson2.10,Deciduous,None,Deciduous,None,80,0,25,5,Mature forest,,,,,
Robertson,5/14/2023,Robertson2.7,Deciduous,Coralberry,Deciduous,Blackberry,90,15,30,40,Active Pasture_cows,,,,,
Robertson,5/14/2023,Robertson2.9,Deciduous,Blackberry,Deciduous,Barberry,40,10,80,100,Active Pasture_cows,,,,,
Sedge,5/15/2023,Sedge.01,Deciduous,Saplings,Conifer,Blackberry,70,10,80,20,Power line ROW,,,,power line is narrow/small,
Sedge,5/15/2023,Sedge.02,Deciduous,Blackberry,NA,Autumn Olive,60,20,40,30,Abandoned pasture,,,,lots of goldenrod,
Sedge,5/15/2023,Sedge.03,Deciduous,Hawthorne,Conifer,other,60,25,30,10,Power line ROW,,,,"Hypericum is other shrub, ROW is very narrow/small",
Sedge,5/15/2023,Sedge04,Deciduous,Multiflora Rose,NA,Blackberry,50,40,30,30,Abandoned pasture,,,,,
Sedge,5/15/2023,Sedge05,Deciduous,Blackberry,NA,Barberry,90,40,25,5,Forest with shrubby understory,,,,adjacent to abandoned pasture,
Sedge,5/15/2023,Sedge06,Deciduous,Multiflora Rose,NA,Blackberry,65,45,30,15,Abandoned pasture,,,,Adj to timber harvest but in abandoned pasture,
Sedge,5/15/2023,Sedge07,Deciduous,Blackberry,NA,None,80,10,80,20,Mature forest,,,,,
Sedge,5/15/2023,Sedge08,Deciduous,Saplings,NA,Blackberry,75,20,25,5,Forest with shrubby understory,,,,,
Sedge,5/15/2023,Sedge09,Deciduous,Blackberry,NA,Coralberry,90,35,15,5,Forest with shrubby understory,,,,also barberry present in good amount,
Simmons,5/31/2023,Simmons.01,Deciduous,Blackberry,Deciduous,Barberry,10,10,5,100,Pasture with poop,,,,,
Simpson,6/8/2023,Simpson.01,Deciduous,Blackberry,Deciduous,Saplings,5,5,5,85,Abandoned pasture,,,,"with fenced out portion, only part that has shrubs",
Simpson,6/8/2023,Simpson.02,Deciduous,Multiflora Rose,Deciduous,Saplings,30,60,5,30,Pasture with poop,,,,"very old poop, can hear cows",
Simpson,6/8/2023,Simpson.03,Deciduous,Coralberry,Deciduous,Barberry,5,10,5,80,Abandoned pasture,,,,very old poop,
Simpson,6/8/2023,Simpson.04,Deciduous,Autumn Olive,Deciduous,Barberry,50,20,10,40,Active Pasture_cows,,,,on forest edge,
Simpson,6/8/2023,Simpson.05,Deciduous,Coralberry,Deciduous,Barberry,25,25,20,30,Active Pasture_cows,,,,,
Simpson,6/8/2023,Simpson.06,Deciduous,Coralberry,Deciduous,Barberry,5,10,10,75,Active Pasture_cows,,,,,
Simpson,6/8/2023,Simpson.07,Deciduous,Autumn Olive,Deciduous,Blackberry,30,15,15,40,Active Pasture_cows,,,,,
Smith,5/18/2023,Smith1.01,Deciduous,Autumn Olive,Deciduous,Saplings,25,40,20,80,Abandoned pasture,,,,Distant ln with scrub around (both sides) probably pasture at some point,
Smith,5/18/2023,Smith1.02,Deciduous,Autumn Olive,Deciduous,Blackberry,35,40,20,80,Abandoned pasture,,,,,
Smith,5/18/2023,Smith1.03,Deciduous,Blackberry,Deciduous,Autumn Olive,20,70,10,30,Abandoned pasture,,,,,
Smith,5/18/2023,Smith1.04,Deciduous,Saplings,Deciduous,Blackberry,25,55,5,40,Abandoned pasture,,,,,
Smith,5/18/2023,Smith1.05,Deciduous,Autumn Olive,Deciduous,Hawthorne,15,40,5,70,Abandoned pasture,,,,,
Smith,5/18/2023,Smith1.06,Deciduous,Autumn Olive,Deciduous,Blackberry,20,40,30,40,Pasture with poop,,,,,
Smith,6/6/2023,Smith2.01,Deciduous,Blackberry,Deciduous,Saplings,40,60,50,90,Pasture with poop,,,,"decent habitat, not much rubus",
Smith,6/6/2023,Smith2.02,Deciduous,Multiflora Rose,Deciduous,Hawthorne,70,15,40,100,Abandoned pasture,,,,,
Smith,6/6/2023,Smith2.05,Deciduous,Multiflora Rose,Deciduous,Saplings,80,20,50,70,Abandoned pasture,,,,mature forest edge of old pasture,
Smith,6/6/2023,Smith3.01,Deciduous,Saplings,Deciduous,Blackberry,30,80,30,100,Pasture with poop,,,,edge of scrubby habitat with new rubus growth,
Smith,5/18/2023,Smith3.02,Deciduous,Multiflora Rose,NA,Blackberry,25,15,5,90,other,,,,tall fescue on one side of fence and forest/stream buffer on other,
Smith,5/18/2023,Smith3.03,Deciduous,Blackberry,NA,Multiflora Rose,30,25,20,80,Pasture with poop,,,,"next to fence with pasture, great mix of goldenrod, grass, trees, BB on non-pasture side",
Smith,5/18/2023,Smith3.04,Deciduous,Blackberry,Conifer,Autumn Olive,25,20,20,40,Pasture with poop,,,,"edge of 'bowl' with hawthorne, trees, saplings, and a great mix of forbs and some native grasses",
Smith,5/18/2023,Smith3.05,Deciduous,Multiflora Rose,NA,Blackberry,40,30,20,70,Abandoned pasture,,,,"at fence, open pasture on one side and shrubby slope to forest with stream on the other, big patch of goldenrod",
Smith,5/18/2023,Smith3.06,Conifer,Multiflora Rose,Deciduous,Blackberry,50,40,10,70,Pasture with poop,,,,tall pines in vicinity of piont as dom tree but dec forest nearby and dominating in landscape,
Smith,5/18/2023,Smith3.07,Deciduous,Blackberry,NA,Saplings,70,30,50,20,Abandoned pasture,,,,dense stand of saplings adj to mature forest surrounded by goldenrod and clumps of BB,
Smith,5/18/2023,Smith3.08,Deciduous,None,NA,None,95,0,10,10,Mature forest,,,,on old road,
Smith,5/18/2023,Smith3.08,Deciduous,Blackberry,NA,Saplings,70,40,25,30,Abandoned pasture,,,,"habitat looks great, surprized no birds",
Starkey,6/11/2023,Starkey1,Deciduous,Blackberry,Deciduous,Saplings,10,10,5,75,Abandoned pasture,,,,with planted saplings,
Starkey,6/11/2023,Starkey2,Deciduous,Blackberry,Deciduous,Barberry,30,15,15,100,Abandoned pasture,,,,"cows being put on field soon, grazed last year",
Starkey,6/11/2023,Starkey3,Deciduous,Barberry,Deciduous,Multiflora Rose,90,15,60,80,Mature forest,,,,,
Starkey,6/11/2023,Starkey4,Deciduous,None,Deciduous,None,5,0,0,100,other,,,,hay field with trees planted,
Starkey,6/11/2023,Starkey5,Deciduous,Barberry,Deciduous,Hawthorne,60,40,10,100,other,,,,mowed path near riparian area,
Starkey,6/11/2023,Starkey6,Deciduous,Blackberry,Deciduous,Multiflora Rose,5,10,40,80,Abandoned pasture,,,,,
Starkey,6/11/2023,Starkey7,Deciduous,Blackberry,Deciduous,Saplings,10,30,5,55,Abandoned pasture,YES,38.283594,-79.615475,"with planted saplings and mowed row; point originally in their shooting range, moved behind shelter",
Starkey,6/11/2023,Starkey8,Deciduous,Barberry,Deciduous,None,80,5,30,10,Mature forest,,,,,
Starkey,6/11/2023,Starkey9,Deciduous,Blackberry,Deciduous,Saplings,40,40,5,30,Abandoned pasture,,,,on narrow mowed row,
Webb,5/21/2023,Webb.01,Deciduous,Multiflora Rose,Deciduous,Barberry,50,40,0,5,other,,,,farmstead with adjacent wooded area,
Webb,5/21/2023,Webb.02,Conifer,Barberry,Deciduous,Blackberry,60,60,5,5,other,,,,wooded streamside,
Witsch,5/16/2023,Witsch01,Deciduous,Multiflora Rose,Deciduous,Blackberry,5,10,10,75,Pasture with poop,,,,Next to stream,
Witsch,5/16/2023,Witsch02,Deciduous,Blackberry,Deciduous,Multiflora Rose,5,5,5,85,Active Pasture_cows,,,,,
Witsch,5/16/2023,Witsch03,Deciduous,Blackberry,NA,None,40,35,5,80,Pasture with poop,YES,38.534997,-79.571093,,
Witsch,5/16/2023,Witsch04,Deciduous,Multiflora Rose,NA,Blackberry,90,15,10,50,Forest with shrubby understory,,,,up in forest but some BB brambles just outside and MFR under canopy. forbs are garlic mustard,
Witsch,5/16/2023,Witsch05,Deciduous,Blackberry,Deciduous,Multiflora Rose,5,5,5,85,Pasture with poop,,,,,
Hunter,6/13/2023,Hunter.03,Deciduous,Saplings,Deciduous,Blackberry,15,5,5,75,Active Pasture_cows,,,,"good mix of shrubs (barberry, AO, MFR), lots of saplings",
Hunter,6/13/2023,Hunter4,Deciduous,Autumn Olive,Deciduous,Saplings,60,10,30,60,Active Pasture_cows,,,,"no cow evidence up here, point at forest edge",
Hunter,6/13/2023,Hunter.01,Deciduous,Blackberry,Deciduous,Multiflora Rose,15,15,10,70,Active Pasture_cows,,,,lots of shrub diversity,
Hunter,6/14/2023,Hunter6,Deciduous,Barberry,Deciduous,Blackberry,50,25,10,50,Pasture with poop,,,,lots of tree diversity,
Hunter,6/14/2023,Hunter.02,Deciduous,Coralberry,Deciduous,Multiflora Rose,60,20,10,50,Pasture with poop,,,,,
Hunter,6/14/2023,Hunter5,Deciduous,Autumn Olive,Deciduous,Barberry,80,5,70,5,Mature forest,YES,38.294337,-79.625386,,
Gary,6/16/2023,Gary.04,Deciduous,Blackberry,Deciduous,Multiflora Rose,15,20,60,50,Abandoned pasture,,,,"riparian, near stream",
Gary,6/17/2023,Gary.02,Deciduous,Multiflora Rose,Deciduous,Blackberry,35,80,20,20,other,,,,riparian,
Ricketts,6/18/2023,Ricketts.03,Deciduous,Saplings,Deciduous,Multiflora Rose,70,40,60,100,Abandoned pasture,,,,,
Laurel Fork,6/17/2023,LaurFork02,Deciduous,Saplings,Deciduous,Blackberry,25,30,20,40,Abandoned pasture,,,,"includes dirt road, on forest edge",
Laurel Fork,6/17/2023,LaurFork04,Deciduous,Saplings,Deciduous,other,20,30,20,40,other,,,,"early successional on forest edge, shrubby; other=blueberry",
Ricketts,6/18/2023,Ricketts.01,Deciduous,Multiflora Rose,Deciduous,Saplings,10,5,5,90,Active Pasture_cows,,,,on fenceline of abandoned pasture that backs up to forest,
Ricketts,6/18/2023,Ricketts.02,Deciduous,Multiflora Rose,Deciduous,Saplings,15,5,10,90,Abandoned pasture,,,,cows are fenced out,
