Point Name,Occupied?,Grass,Forb <20cm,Forb>20cm,Shrub <1m,Shrub 1-2m,Sapling <2m,Sapling >2m,Canopy,Other,Forb <20cm #1,Forb<20cm #2,Forb <20cm #3,Forb >20cm #1,Forb>20cm #2,Forb >20cm #3,Shrub <1m #1,Shrub <1m #2,Shrub <1m #3,Shrub 1-2m #1,Shrub 1-2m #2,Shrub 1-2m#3,Sapling<2m #1,Sapling<2m #2,Sapling <2m #3,Sapling >2m #1,Sapling >2m #2,Sapling>2m #3,Canopy #1 ,Canopy #2,Canopy #3,Other #1,,Other #2 ,,Other #3,,Snags <10cm DBH,Snags >10cm DBH,Standing Water?,Distance to water (m),Water Type,Patch Clumpiness,Point Clumpiness,Distance to Forest (m) Edge,Patch Size  ,Notes
AbdRoyWit.01,,33,16,18,4,4,0,1,17,7,,,,Strawberry,Blackberry,Yarrow,Multiflora Rose,Blackberry,,Multiflora rose,Blackberry,,,,,Sugar maple,,,Black Birch,Hickory,,leaf litter,3,brush,4,,,0,0,no,,,,3,20,,
AbdRoyWit.02,yes,37,13,17,10,24,2,2,6,4,,,,Daisy,Goldenrod,Blackberry/Clover,Blackberry,Barberry,Multifora Rose,Blackberry,Barberry,Multiflora Rose,Hawthorne,,,Hickory,,,Hickory,,, brush,4,,,,,0,0,no,,,,3,15,,phlox very tall (>1m)
AbdRoyWit.03,yes,35,25,17,12,11,0,0,12,0,Alfalfa,Clover,Strawberry,Goldenrod,Yarrow,,Blackberry,Hawthorne,,Blackberry,,,,,,,,,Walnut,Hawthorne/Black Locust,Crabapple,,,,,,,0,0,no,,,,3,15,,no PICS
AbdRoyWit.04,,29,15,16,7,10,1,1,10,11,Yarrow,Strawberry,,Goldenrod,Clover/alfalfa,,Blackberry,Multiflora rose,,Blackberry,Multiflora Rose,,Hawthorne,,,Black Walnut,,,Sugar Maple,Hawthorne,,brush,7,rock,4,,,,,,,,,,,need snag/water/clump/forest info!,
Apgar 1-1,yes,28,9,29,9,14,0,6,5,1,,,,Goldenrod,phlox,,Blackberry,Multiflora Rose,,Blackberry,Multiflora Rose,,,,,Walnut,Hawthorne,Elm,Walnut,Cherry,,vine,1,,,,,0,0,yes,35,Stream,,3,25,,
Bandy 1-1,No,37,0,39,4,7,0,0,27,0,,,,Phlox,Blackberry,Strawberry,Blackberry,,,Blackberry,,,,,,,,,Cherry,Black Locust,Maple/Apple,,,,,,,0,1,No,,,2,2,10,,
Banks 1-1,no,38,33,17,10,3,0,0,29,42,Alfalfa,Yarrow,Strawberry,Alfalfa,Yarrow,,Blackberry,Multiflora Rose,,Blackberry,Multiflora Rose,,,,,,,,Oak,Maple,,leaf litter,33,rock,4,,,0,0,no,,,,2,12,,
Banks 2-1,yes,40,1,20,11,0,0,5,12,0,,,,Mint,Yarrow,Blackberry,Blueberry,Multiflora Rose,Hawthorne,,,,,,,Hawthorne,Pine,,Hawthorne,Walnut,Cherry,,,,,,,0,0,Yes,40,stream,,1,40,,
Banks 3-1,yes,39,3,30,14,6,0,1,12,3,,,,Phlox,Thistle,Milkweed,Blackberry,Multiflora Rose,pine,,,,,,,Pine,,,Black Locust,Pine,,bare,2,leaf litter,1,,,0,0,yes,50,Stream,,3,50,,
Baxley 1-1,no,24,21,15,4,23,0,0,39,16,Alfalfa,,,Alfalfa,,,Multiflora Rose,Blackberry,,Multiflora Rose,,,,,,,,,Maple,Black Locust,Walnut,bare,16,,,,,1,0,no,,,,3,0,,
Baxley 1-2,no,36,32,22,1,3,0,0,35,8,,,,Mint family,,,Multiflora Rose,,,,,,,,,,,,Walnut,Apple,Hickory,bare,4,leaf litter,4,,,1,0,no,,,,1,0,,
Bird1.01,no,23,0,21,16,21,0,1,11,0,,,,Clover,Blueberry,Yarrow,Blueberry,Multiflora Rose,,multiflora rose,Blueberry,,,,,Walnut,,,Oak,Hawthorne,Walnut,,,,,,,0,0,no,,,,3,15,,
Bird1.02,no,32,24,20,14,8,0,0,0,0,Clover,Yarrow,,Blackberry,Mint,Thistle,Blackberry,Blueberry,,Blackberry,Blueberry,elderberry,,,,Walnut,Hawthorne,,,,,,,,,,,0,0,no,,,,4,30,,
Bird2.01,no,24,5,19,15,15,1,3,14,10,Clover,Yarrow,Strawberry,Blackberry,Mint,Yarrow,Blueberry,Blackberry,Multifora Rose,Blackberry,Blueberry,Multiflora Rose,Hawthorne,,,Walnut,Cherry,,birch,Walnut,Cherry,leaf litter,6,dead wood,3,rock,1,0,0,no,,,,2,5,,
Bird2.02,no,39,31,23,12,5,0,0,16,15,Clover,Strawberry,Yarrow,Strawberry,Blackberry,,Blackberry,,,Blackberry,,,,,,,,,Cherry,Apple,,leaf litter,7,moss,5,dead wood,2,8,0,no,,,,1,0,,
Bird3.01,Yes,24,7,8,12,26,1,0,11,3,Clover,Mint,Yarrow,Mint,Thistle,Blackberry,Blackberry,Blueberry,Multifora Rose,Blackberry,Blueberry,Multiflora Rose,Black Locust,,,,,,Apple,Oak,Black Locust,rock,3,,,,,0,0,Yes,40,stream,,3,15,,
Bird3.02,yes,30,9,28,18,6,8,4,6,3,Clover,Yarrow,Strawberry,Blackberry,Goldenrod,Fern,Blueberry,Hawthorne,Blackberry,Hawthorne,Blueberry,Blackberry,Hawthorne,Walnut,Cherry,Hawthorne,Walnut,Cherry,Maple,fir,Cherry,bare,1,brush,1,leaf litter,1,0,0,no,,,,2,20,,
Bird3.03,yes,31,28,35,21,10,0,0,0,5,,,,Goldenrod,vines,,Blackberry,Blueberry,,Blackberry,Blueberry,elderberry,,,,Maple,Hawthorne,,Apple,Maple,,moss,4,bare,1,,,0,0,no,,,,3,35,,
Bird3.04,yes,34,9,22,15,10,1,2,4,2,Clover,Yarrow,,Mint,Blackberry,Thistle,Blackberry,Multiflora Rose,Blueberry,Blackberry,Multiflora Rose,,Hawthorne,,,Walnut,Hawthorne,Cherry,Apple,Hawthorne,Walnut,,,,,,,0,0,no,,,,3,60,,
Bird3.05,no,38,36,37,25,3,1,3,34,18,Clover,Yarrow,,Mint,Clover,,Blueberry,Hawthorne,Blackberry,Blueberry,Hawthorne,Blackberry,Hawthorne,,,Hawthorne,elm,Walnut,Walnut,Hawthorne,Cherry,moss,8,rock,4,"brush, leaf litter",6,0,0,Yes,25,stream,,1,5,,
Brocke 1-1,no,40,25,13,13,5,0,0,6,8,Alfalfa,Yarrow,,Alfalfa,Yarrow,,Blackberry,Blueberry,Hawthorne,Multiflora rose,Blackberry,Autumn Olive,,,,,,,Walnut,Hawthorne,,brush,8,,,,,0,0,yes,150,Stream,,2,150,,
Brocke 1-2,no,25,10,13,17,16,1,2,28,15,Alfalfa,,,Alfalfa,,,Multiflora Rose,Blackberry,Blueberry,,,,,,,,,,Oak ,Black Locust,Hickory ,brush,10,dead wood,4,moss,1,0,1,yes,50,Stream,,2,0,,
CFJ 2-1,no,35,9,25,10,5,1,2,10,9,,,,,,,Blackberry,Multiflora Rose,,Blackberry,Multiflora Rose,,Cherry,,,Cherry,,,Maple,Black Locust,,rock,8,leaf litter,2,,,0,0,no,,,,2,38,,
CFJ 3-1,,36,8,22,21,11,0,0,5,0,Yarrow,Alfalfa,,Goldenrod,Yarrow,Alfalfa,Blackberry,Multiflora Rose,,Blackberry,,,,,,,,,Cherry,,,,,,,,,0,0,no,,,,2,20,,
CFJ 3-2,yes,39,11,31,18,11,1,3,4,1,Yarrow,Alfalfa,,Goldenrod,Yarrow,Alfalfa,Blackberry,Multiflora Rose,,Blackberry,,,,,,Hawthorne,,,Hawthorne,,,vine,1,,,,,0,0,no,,,,3,40,,
CFJ 3-3,,30,9,31,10,11,0,3,21,17,Strawberry,Yarrow,,Fern,Yarrow,,Blackberry,Barberry,,Blackberry,,,,,,Walnut,,,Oak,Cherry,Hawthorne,leaf litter,11,vine,5,brush,1,0,0,no,,,,4,70,,
CFJ 3-4,yes,27,8,32,17,11,0,3,3,5,,,,Goldenrod,Strawberry,Yarrow,Blackberry,Multiflora Rose,Barberry,Blackberry,Multiflora Rose,Barberry,,,,Walnut,Hickory,,Black Locust,Walnut,Hickory,bare,2,leaf litter,2,vine,1,0,0,no,,,,4,3,,
CFJ 3-5,,29,12,28,7,10,1,0,15,5,Alfalfa,Yarrow,,Goldenrod,Alfalfa,Yarrow,Blackberry,,,,,,,,,,,,Black Locust,Hawthorne,Cherry,bare,5,,,,,0,0,no,,,,4,5,,
CFJ 3-6,no,30,25,20,10,10,0,6,11,13,Strawberry,Yarrow,Thistle,Yarrow,Thistle,,Blackberry,Multiflora Rose,,Blackberry,multiflora rose,,,,,Black Locust,,,Black Locust,Hawthorne,Cherry,moss,5,rock ,4,leaf litter,2,0,0,no,,,,3,5,,
CFJ 3-7,yes,30,17,23,10,3,0,0,18,15,Strawberry,Goldenrod,,Strawberry,Goldenrod,,Blackberry,Multiflora Rose,,Blackberry,multiflora rose,,,,,,,,Cherry,Black Locust,Ulmus,bare,11,leaf litter,4,,,0,0,no,,,,2,20,,
CFJ 3-8,,34,18,13,8,10,0,1,6,1,Clover,Yarrow,,Clover,Goldenrod,Thistle,Blackberry,Multiflora Rose,,Blackberry,multiflora rose,,,,,,,,Hawthorne,,,,,,,,,0,0,Yes,20,stream,,2,40,,
Chapman 1-1,no,16,10,16,19,4,0,5,20,15,Strawberry,Yarrow,,Yarrow,Strawberry,Blackberry,Blueberry,Blackberry,,Blueberry,Blackberry,,,,,Oak,,,Oak,Maple,Cedar,leaf litter,11,rock,3,brush,1,0,0,no,,,,2,25,,
Chapman 1-2,no,23,7,17,4,17,4,8,8,7,Strawberry,,,Blackberry,Yarrow,,Blackberry,Blueberry,,Blackberry,Blueberry,,Red Oak,,,Red Oak,,,Red Oak,,,leaf litter,7,,,,,0,0,no,,,,2,15,,"habitat very clumped, but with mowed path running through"
Chestnut 1-1,,40,20,21,13,5,0,0,0,4,Yarrow,Clover,,Goldenrod,Yarrow,,Blackberry,Multiflora Rose,,Blackberry,,,,,,,,,,,,rock,2,bare,1,,,0,0,no,,,1,1,79,,wetland borders pond
Chestnut 1-2,no,32,17,11,12,12,1,0,4,0,Alfalfa,Yarrow,,Daisy,Yarrow,Clover,Blackberry,,,Blackberry,,,Hawthorne,Walnut,,,,,Hawthorne,Walnut,,,,,,,,0,0,no,,,,2,45,,
Conrad 1-1,No,9,0,25,16,21,1,4,7,11,,,,Goldenrod,Mint,Strawberry,Blueberry,Multiflora Rose,,Blackberry,Multiflora Rose,,Maple,Hawthorne,,Maple,Oak,,Pine,,,Vine,5,water,4,rock,3,0,1,Yes,12,beaver wetland,,2,100,,
Conrad 1-1 ,no,20,5,23,13,10,1,0,27,3,,,,Jewel weed ,Skunk Cabbage,Fern,Blackberry,,,Blackberry,,,,,,,,,Pine,,,water,3,,,,,0,1,yes,2,beaver wetland,,4,30,,
Cragnolin 1-1,no,35,3,17,10,13,0,5,5,4,,,,,,,Blackberry,Multiflora Rose,,Blackberry,multiflora rose,,,,,Black Locust,Maple,,,,,dead wood,5,,,,,0,1,no,,,3,3,30,,
Crooks 1-1,No,17,18,3,18,25,0,0,21,3,,,,Phlox,Clover,,Other rose,Blackberry,,Other Rose,Blackberry,,,,,,,,Walnut,Hawthorne,Sycamore,Snag,,,,,,1,4,Yes,20,Stream,,4,10,,
Crooks 1-2,Yes ?,26,7,27,22,22,2,0,7,6,Goldenrod,Clover,,Phlox,Goldenrod?,,Other rose,Blackberry,Barberry,Other rose,Blackberry,Barberry,Hawthorne,Black Locust,,,,,Walnut,Hawthorne,Black Locust,Snag,,Dead brush,,,,4,20,Yes,35,Wetland and pond,,3,20,,need distance to forest edge
Crummet 2-1,yes,35,7,20,20,7,0,2,20,7,,,,Goldenrod,Yarrow,,Blackberry,Multiflora Rose,,Blackberry,Multiflora Rose,,,,,Black Locust,,,Maple,Hickory,Black Locust,leaf litter,3,rock,3,vine,1,0,0,no,,,,4,2,,
Crummet 4-1,,37,11,18,12,13,1,5,7,3,,,,Goldenrod,Alfalfa,,Blackberry,Multiflora Rose,,Blackberry,Multiflora Rose,,,,,,,,Black Cherry,Maple,,leaf litter,1,bare,2,,,0,0,yes,30,stream,,3,10,,
Crummett 1-1,,35,2,33,20,19,0,0,7,4,,,,Goldenrod,Thistle,Clover,Blackberry,Blueberry,Multifora Rose,Blackberry,Blueberry,Multiflora Rose,,,,,,,Maple,,,leaf litter,3,vine,1,,,0,0,no,,,,3,20,,
Crummett 3-1,,33,17,26,10,6,0,6,28,18,,,,Goldenrod,Alfalfa,,Blackberry,willow,Multifora Rose,Blackberry,willow,Multiflora Rose,,,,,,,Hickory,Maple,Cherry,leaf litter,16,bare,1,rock,1,0,0,no,,,,3,0,,
Crummett 4-2,,29,2,17,6,19,0,2,11,2,Alfalfa,,,Alfalfa,Thistle,,Blackberry,Multiflora Rose,Blueberry,Blackberry,Multiflora Rose,Blueberry,,,,Cherry,,,Black Locust,,,brush,1,bare,1,,,0,0,no,,,,2,45,,
Dray 1-1,no,31,4,30,15,1,2,0,10,9,heart shaped,Yarrow,,Yarrow,Mint,,Blackberry,,,Blackberry,,,Black Locust,Hawthorne,,,,,Black Locust,Cherry,Maple,brush,4,bare,4,leaf litter,1,0,0,no,,,,1,20,,
Eager.01,,37,23,10,4,8,2,1,1,6,Clover,Strawberry,,,,,Blackberry,Multiflora Rose,,Blackberry,Multiflora Rose,,Cherry,,,Cherry,,,Cherry,,,rock,3,moss,3,,,0,0,no,,,1,1,30,,
Eager.03,yes,32,1,5,10,11,0,0,2,0,Yarrow,,,Yarrow,Goldenrod,,Blackberry,Multiflora Rose,,Blackberry,Multiflora Rose,,,,,,,,Cherry,,,,,,,,,0,0,no,,,,3,,,
Eager.02,No,28,14,10,11,12,1,4,11,14,Clover,Alfalfa,,Alfalfa,Clover,Yarrow,Blackberry,Multiflora Rose,,Blackberry,Multiflora Rose,,Hawthorne,,,Walnut,Hawthorne,Cherry,Maple,Cherry,,rock,8,leaf litter,6,,,0,0,Yes,20,stream,,2,5,,
Eager 3-1,no,30,17,12,11,8,1,1,13,5,Clover,Yarrow,,Clover,Yarrow,,Blackberry,Multiflora Rose,Barberry,Blackberry,Multiflora Rose,Barberry,Walnut,,,Hawthorne,,,Maple,Hawthorne,,rock,4,vine,1,,,0,0,Yes,15,stream,,3,21,,
East 1-1,no,35,4,17,10,9,0,9,9,0,Yarrow,Blackberry,,Yarrow,Blackberry,,Blackberry,Barberry,,Blackberry,barberry,Autumn Olive,,,,Black Locust,,,Black Locust,Cherry,,,,,,,,0,0,no,,,,4,5,,
East 1-2,,34,15,20,5,3,4,0,8,6,Strawberry,Yarrow,,Yarrow,Goldenrod,,Blackberry,Mountain Laurel,,Blackberry,mountain Laurel,,Cedar,,,,,,Cedar,Hickory,Maple ,brush,3,rock,2,leaf litter,1,0,0,no,,,,4,,,
Elliot.01,,26,6,19,10,14,2,2,10,9,Mint ,Yarrow,Strawberry,Mint,Yarrow,,Multiflora Rose,Blackberry,Blueberry,Multiflora Rose,Blackberry,Blueberry,Hawthorne,Maple,,Hawthorne,Maple,,Oak,Hawthorne,,brush,7,leaf litter,1,snag,1,0,1,no,,,3,3,8,,
Elliot.02,no,38,2,26,13,10,0,0,0,1,Creeping Charlie,,,aster,fern,Goldenrod,Blackberry,Multiflora Rose,,Blackberry,Multiflora Rose,,,,,,,,,,,rock,1,,,,,0,0,no,,,,2,40,,
Fraustchi 1-1,yes,25,14,7,9,19,0,5,1,0,Alfalfa,Yarrow,,Alfalfa,Yarrow,,Blackberry,Hawthorne,,Blackberry,Hawthorne,,,,,,,,Black Locust,Hawthorne,,,,,,,,0,0,no,,,,3,35,,
Fraustchi 1-2,yes,39,17,12,25,4,1,4,6,2,,,,Goldenrod,Blackberry,,Blackberry,Hawthorne,,Blackberry,,,,,,Hawthorne,,,Hawthorne,Maple,,,,,,,,0,0,no,,,,1,15,,
Fraustchi 2-1,No,36,14,29,11,9,0,1,10,5,,,,Goldenrod,Blackberry,Yarrow,Blackberry,Barberry,Multifora Rose,Blackberry,Barberry,Multiflora Rose,,,,Hawthorne,,,Maple,Red Oak,Cherry,leaf litter,,Snag,,,,0,1,No,,,,3,20,,
Fraustchi 3-1,Yes,39,17,35,7,3,0,2,6,1,Mint ,Yarrow,,Mint,Blackberry,Goldenrod/Yarrow,Blackberry,,,Blackberry,Autumn Olive,,,,,Black Locust,Cherry,,Cherry,Black Locust,,Vine,,,,,,0,0,No,,,,2,15,,
Freeman 1-1,No,31,17,19,3,10,2,0,5,3,,,,Goldenrod,Fern,,Mountain Laurel,Blueberry,,Mountain Laurel,Blueberry,,Pine,,,,,,Maple,,,Moss,1,Snag,1,Water,1,0,1,Yes,5,beaver wetland,,3,20,,
Gary.01,,23,2,28,7,17,1,4,14,3,,,,Goldenrod,Fern,,Mountain Laurel,willow,Blackberry,Mountain Laurel,willow,Blackberry,,,,Cherry,,,Maple,alder,,brush,1,leaf litter,1,water,1,0,2,yes,,stream,,3,20,,nearest forest edge is pine
Gary.03,no,40,12,24,9,4,0,1,18,1,Yarrow,,,Goldenrod,,,,,,Blackberry,Multiflora Rose,,Maple,,,,,,Cherry,Maple,,leaf litter,1,,,,,0,0,yes,40,stream,,2,70,,
Gary 1-3,,25,6,23,14,18,4,0,10,7,,,,Goldenrod,Fern,,mountain Laurel,willow,Blackberry,Mountain Laurel,willow,Blackberry,Cherry,witch hazel,,,,,Maple,Cherry,,water,3,leaf litter,2,bare,2,0,0,Yes,3,stream,,4,0,,
Himot 1-2,no,9,12,10,7,18,0,0,0,23,Alfalfa,Blackberry,,Lamb's Ear,goldenrod-like,,Blackberry,,,Blackberry,,,,,,,,,,,,dirt,16,rock,6,brush,1,0,0,no,,,,4,30,,
Hull 1-1,Yes,24,5,17,6,14,0,4,28,5,Mint ,,,Mint,,,Blackberry,Multiflora Rose,,Blackberry,Multiflora Rose,,,,,Hawthorne,,,Black Locust,,,Dirt,,dead wood,,,,0,0,No,,,,2,15,,Need pictures
Hull 1-2,Yes,40,4,30,15,5,0,2,7,0,,,,Goldenrod,Yarrow,,Blackberry,Hawthorne,Multifora Rose,Blackberry,,,,,,Hawthorne,,,Hawthorne,,,,,,,,,0,0,Yes,25,Stream,,1,40,,
Hull 1-3,Yes,36,9,23,13,12,0,0,20,0,,,,Yarrow,Mint,Alfalfa,Blackberry,Blueberry,,Blackberry,Blueberry,Multiflora Rose,,,,,,,Hawthorne,,,,,,,,,0,0,No,,,,3,5,,need pictures
Hull 1-4,Yes,37,3,31,10,9,0,8,2,0,Yarrow,,,Goldenrod,Yarrow,,Blueberry,Blackberry,,Blueberry,Blackberry,Hawthorne,,,,Hawthorne,,,Hawthorne,,,,,,,,,0,0,No,,,,2,35,,
Hull 1-5,,37,3,31,10,9,0,8,2,0,Yarrow,,,Goldenrod,Yarrow,,Blueberry,Blackberry,,Blueberry,Blackberry,Hawthorne,,,,Hawthorne,,,Hawthorne,,,,,,,,,0,0,no,,,,2,35,,
Hull 1-6,No,40,5,27,15,13,0,7,2,0,,,,Yarrow,,,Blackberry,Hawthorne,,,,,,,,Hawthorne,,,Hawthorne,,,,,,,,,0,0,No,,,,1,,,
Hull 1-7,Yes,29,,24,20,9,0,14,3,1,,,,Goldenrod,Yarrow,,Blackberry,Blueberry,Hawthorne,Blackberry,Blueberry,Hawthorne,,,,,,,,,,Rock,,,,,,,,,,,,,,,
Hull 1-8,No,33,6,19,14,9,0,2,10,0,,,,Mustard Parsley?,Clover,Blackberry,Blackberry,,,Blackberry,,,,,,Hawthorne,,,Hawthorne,,,,,,,,,,1,No,,,,3,,,
Hull.09,No,35,,19,15,15,0,0,0,0,,,,Thistle,Mint,,Blackberry,Multiflora Rose,,Blackberry,,,,,,,,,,,,,,,,,,0,0,No,,,,4,45,,
Hunter 1-1 ,yes,34,1,4,7,18,0,0,6,0,Thistle,,,Thistle,,,Blackberry,Multiflora Rose,,Blackberry,Multiflora Rose,,,,,,,,Black Locust,,,,,,,,,0,0,no,,,,2,70,,
Hunter 1-2,,33,0,7,13,12,3,0,11,0,,,,dog's bane,Mint,Yarrow,Blackberry,Multiflora Rose,,Blackberry,Multiflora Rose,,Black Locust,Cherry,,,,,Black Locust,Autumn Olive,Apple,,,,,,,0,0,no,,,1,2,60,,
Karnes 1-1,no,21,6,22,9,4,0,8,12,17,Blackberry,Yarrow,Strawberry,Goldenrod,Yarrow,,Blackberry,,,Blackberry,,,,,,Hawthorne,,,Hawthorne,,,rock,9,leaf litter,8,,,0,1,no,,,2,2,0,,
Kiser 1-1,,27,6,17,18,11,2,4,0,3,,,,,,,Blueberry,Blackberry,Barberry,barberry,Blueberry,Blackberry,Hawthorne,Black Locust,Cherry,Maple,Black Locust,,,,,rock,3,,,,,0,0,no,,,,1,25,,
Kiser 1-2,no,37,0,14,26,21,0,1,3,2,,,,Blackberry,Mint,creeping charlie,Barberry,Blackberry,Multifora Rose,barberry,Blackberry,Hawthorne,Hawthorne,Black Locust,,Black Locust,Hawthorne,Maple,Black Locust,Hickory,,rock,2,,,,,0,0,no,,,,2,20,,
Lewis 1-1,no,38,8,12,12,15,0,0,9,0,,,,Blackberry,multiflora rose,Yarrow,Blackberry,Multiflora Rose,Barberry,Blackberry,Multiflora Rose,,,,,,,,Maple,Hickory,,,,,,,,0,0,no,,,,3,20,,
Lewis 1-2,no,39,18,25,5,4,0,0,7,7,Alfalfa,Strawberry,Yarrow,Clover,Thistle,Yarrow,Blackberry,,,,,,,,,,,,Hickory,Maple,Walnut,leaf litter,5,rock,2,,,0,0,no,,,,3,25,,Notes
Lyons 1-1,yes,30,7,21,15,8,0,0,13,4,Yarrow,,,Yarrow,May Apple,PI,Blackberry,Blueberry,Autumn Olive,Blackberry,Blueberry,Autumn Olive,,,,Black Locust,,,Black Locust,,,leaf litter,4,,,,,0,1,no,,,,4,0,,dry stream bed 20m to south
Lyons 1-2/2-1,no?,30,5,26,11,3,0,3,17,2,Strawberry,Yarrow,,Yarrow,Blackberry,,Blackberry,Multiflora Rose,,Blackberry,Multiflora Rose,Autumn Olive,,,,Cherry,,,Black Locust,Cherry,,dead wood,2,,,,,0,2,no,,,,3,55,,"point between 2 forest edges, survey done along edge (not by cardinal points)"
Mackenzie.01,no,34,28,16,8,7,0,1,33,12,Strawberry,Clover,,Goldenrod,Blackberry,Clover,Blackberry,,,Blackberry,,,,,,Cherry,,,Black Locust,Oak,,leaf litter,5,rock,5,dead wood,2,1,2,no,,,,3,20,,
Mackenzie.02,yes,29,8,16,15,23,1,9,10,0,Strawberry,,,Goldenrod,Blackberry,Yarrow,,,,Blackberry,Multiflora Rose,,,,,Black Locust,,,Black Locust,,,,,,,,,0,0,no,,,,3,20,,
Mackenzie.03,,30,26,4,11,9,2,6,5,1,Alfalfa,yarrow,mint,Alfalfa,,,Blackberry,Multiflora Rose,,Blackberry,Multiflora Rose,,Maple,,,Black Locust,,,Black Cherry,Black Locust,,Rock,1,,,,,0,0,no,,,,3,25,,
Mei 1-1,no,39,21,32,16,2,1,1,6,5,Yarrow,,,Goldenrod,Yarrow,,Blackberry,,,Blackberry,,,Fir,,,,,,Cherry,Maple,Oak,leaf litter,4,moss,1,,,0,0,no,,,,3,20,,
Mei 1-2,no,39,2,33,17,2,0,0,0,0,Clover,,,Goldenrod,Yarrow,Clover,Blackberry,Autumn Olive,pine,Blackberry,,,pine,,,,,,,,,,,,,,,0,0,yes,,seep,,1,25,,
Moats 1-1,,25,12,14,7,13,0,0,9,2,Strawberry,,,Blackberry,Thistle,fern,Blackberry,,,Blackberry,,,,,,,,,Sugar Maple,Red Oak,,leaf litter,12,,,,,,,,need snag/water/clump/forest data,,,,,,
Mullenax1.01,no?,35,31,27,8,4,0,0,3,10,Strawberry,Clover,,Clover,,,Barberry,Blackberry,cedar,,,,Black Locust,Hickory,Hawthorne,,,,Black Locust,Hawthorne,,moss,5,rock,3,dead wood,2,0,0,no,,,,1,88,,
Mullenax1.02,yes,34,10,31,12,7,0,5,17,5,Strawberry,Clover,,Goldenrod,Blackberry,,Barberry,Blackberry,,,,,Black Locust,,,Black Locust,Maple,Hawthorne,Hickory,Cherry,Maple,rock,3,dead wood,2,,,0,0,no,,,,3,10,,
Mullenax1.03,,40,22,10,7,7,0,0,9,1,Yarrow,Clover,Blackberry,Blackberry,Goldenrod,,Blackberry,Multiflora Rose,,Blackberry,Umbel,,,,,,,,Cherry,,,dead wood,1,,,,,0,0,no,,,,2,100,,
Mullenax2.01,yes,33,12,19,9,19,0,0,5,1,Blackberry,Clover,Yarrow,Blackberry,Yarrow,,Blackberry,Multiflora Rose,,Blackberry,Umbel,Multiflora Rose,,,,,,,Cherry,,,rock,1,,,,,0,0,no,,,,3,30,,
Mustoe 1-2,no,30,4,23,8,18,0,1,8,4,Clover,,,Daisy,Yarrow,,Blackberry,Barberry,Autumn Olive,Blackberry,Barberry,Autumn Olive,,,,Hickory,,,Hickory,Maple,,bare,4,,,,,0,1,no,,,,4,0,,
Mustoe 1-3,,23,5,25,19,10,0,5,24,3,Yarrow,,,Yarrow,,,Blackberry,Barberry,,Blackberry,Barberry,,Cherry,cedar,,,,,Walnut,,,bare,1,rock,1,dead wood,1,0,1,no,,,4,4,40,,
Newlon.01,no,30,3,18,16,16,1,2,8,2,,,,Goldenrod,Yarrow,,Blackberry,Blueberry,Multifora Rose,Blackberry,Multiflora Rose,,Hawthorne,,,Hawthorne,Birch,,Black Locust,,,brush,1,rock,1,,,0,0,yes,150,stream,,1,70,,
Newlon.02,no,25,3,4,14,20,1,0,14,0,,,,clover ,Blackberry,daisy,Blackberry,multiflora rose,,Blackberry,Multiflora Rose,,Maple,,,,,,Cherry,,,,,,,,,0,0,no,,,,3,10,,
ObryanColaw.01,yes,37,14,15,11,9,0,2,0,0,Strawberry,,,Yarrow,,,Blackberry,,,Blackberry,,,,,,Cherry,,,Cherry,Black Locust,Maple,,,,,,,0,0,no,,,,4,45,,
ObryanColaw.02,yes,33,10,26,6,6,0,5,10,4,Strawberry,,,?,Strawberry,poison Ivy,Blackberry,,,Blackberry,Autumn Olive,,,,,Black Locust,,,Black Locust,,,vine,2,dead wood,2,,,0,4,yes,20,stream,,4,30,,
"Rexrode, Ava 1-1",Yes,34,26,26,5,14,0,1,8,1,Blackberry,Strawberry,Yarrow,Blackberry,Strawberry,Yarrow,Blackberry,Multiflora Rose,,Blackberry,Multiflora Rose,,,,,Cherry,,,Black Locust,Maple,,dead wood,,,,,,0,0,No ,,,,4,18,,
"Rexrode, Ava 2-1",Yes,33,19,16,2,11,0,0,37,14,Strawberry,heart-shaped leaf,Alfalfa,Strawberry,Yarrow,heart-shaped leaf,Blackberry,Multiflora Rose,,Blackberry,Multiflora Rose,,,,,,,,Black Locust,Maple,Hickory/Cherry/Hawthorne,Rock,,Moss,,leaf litter,,1,1,Yes,40,Seep,,3,5,,
"Rexrode, Waynesboro 1-1",,15,3,35,15,15,0,1,0,1,Clover,,,Goldenrod,phlox,,Blackberry,Blueberry,Multifora Rose,Blackberry,Blueberry,Multiflora Rose,,,,Black Locust,,,,,,brush,1,,,,,0,0,Yes,150,Stream,,3,35,,
Ricketts-Duncan 1-1,,25,10,28,6,12,0,3,0,2,,,,Goldenrod,Alfalfa,,Blackberry,Multiflora Rose,,Blackberry,Multiflora Rose,,,,,Black Locust,Pine,,,,,bare,2,,,,,0,0,no,,,4,3,20,,
Ricketts-Duncan 1-2,,35,6,17,12,14,0,7,4,0,,,,Milkweed,Yarrow,,Blackberry,Multiflora Rose,,,,,,,,Walnut,,,Walnut,Pine,,,,,,,,0,0,no,,,,2,12,,
Ricketts-Duncan 1-3,,32,8,28,11,5,0,2,18,1,Alfalfa,Clover,,Goldenrod,Daisy,Alfalfa,Blackberry,Barberry,Multifora Rose,Blackberry,Barberry,,,,,Hawthorne,Pine,,Hawthorne,,,bare,1,,,,,0,0,no,,,4,4,20,,
Ricketts-Duncan 1-4,no,34,15,17,8,16,0,1,25,2,Mint ,Yarrow,,Yarrow,Goldenrod,,Blackberry,Multiflora Rose,,Blackberry,Multiflora Rose,,,,,Hickory,,,Hickory,Cherry,Hawthorne,leaf litter,1,dead wood,1,,,0,0,Yes,30,pond,,3,5,,
Robertson1.02,yes,38,21,21,6,1,1,1,6,7,Clover,Yarrow,Strawberry,Goldenrod,Blackberry,,Blackberry,Multiflora Rose,,Blackberry,,,Black Locust,,,Black Locust,,,Black Locust,Oak,,bare,6,,,,,0,0,no,,,,2,10,,
Robertson1.03,yes,39,18,29,9,1,0,0,7,10,Clover,Yarrow,,Goldenrod,Daisy,Milkweed,Blackberry,,,Blackberry,,,,,,,,,Hickory,Cherry,Hawthorne,rock,,leaf litter,,dead wood,,0,0,no,,,,3,10,,dry stream
Robertson1.04,yes,28,15,32,8,16,1,1,4,11,Clover,Yarrow,,Phlox,Goldenrod,Blackberry,Blackberry,Multiflora Rose,,Blackberry,Multiflora Rose,,Black Locust,Cherry,,Black Locust,Cherry,Hawthorne,Cherry,Black Locust,Maple,vine,9,brush,2,,,0,2,yes,40,stream,,3,90,,
Robertson1.06,yes,35,15,35,12,6,0,0,2,4,Alfalfa,Yarrow,,Goldenrod,Blackberry,Clover,Blackberry,Multiflora Rose,,Blackberry,Multiflora Rose,,,,,Black Locust,Cherry,Hawthorne,Black Locust,Cherry,,Vine,3,bare,1,,,0,0,no,,,,3,,,
Robertson2.01,yes?,38,32,34,4,2,0,0,33,1,Yarrow,Clover,Blackberry,Clover,Goldenrod,fern,Blackberry,Multiflora Rose,,Blackberry,Multiflora Rose,,,,,,,,Cherry,Black Locust,Walnut,leaf litter,1,,,,,0,0,no,,,,1,10,,
Robertson2.02,yes,36,9,33,14,5,1,1,9,7,Strawberry,Clover,Yarrow,Blackberry,Goldenrod,phlox,Blackberry,Multiflora Rose,,Blackberry,Multiflora Rose,,Walnut,,,Cherry,,,Cherry,Walnut,elm,vine,,rock,,,,0,0,no,,,,2,5,,
Rogers 1-1,no,19,3,35,5,7,0,6,12,4,,,,Goldenrod,phlox,Mint,Blackberry,Multiflora Rose,,Blackberry,Multiflora Rose,,,,,Cherry,Pear,,Cherry,Maple,Walnut,bare,3,vine,1,,,0,1,yes,15,Stream,,3,10,,
Royale 1-1,no,39,14,12,10,1,0,1,6,8,Clover,Strawberry,,Goldenrod,Blackberry,,Blackberry,elderberry,,Blackberry,,,,,,Cherry,Maple,tree of heaven,Maple,,,bare,4,leaf litter,3,vine,1,0,0,no,,,,2,10,,
Royale 1-2,,23,11,22,11,15,0,0,18,6,Clover,Blackberry,,Yarrow,Blackberry,,Blackberry,Multiflora Rose,,Blackberry,Multiflora Rose,,,,,,,,Black Locust,Maple,,brush,4,leaf litter,2,rock,1,0,0,no,,,,4,0,,
Sedge 1-1,no,11,5,27,10,17,0,6,5,5,Yarrow,,,Goldenrod,Yarrow,dog's bane,willow,Blackberry,,Willow,Blackberry,,,,,Locust,Cherry,Elm,Oak,Fir,,moss,5,,,,,0,0,no,,,,2,10,,
Sedge 2-1,yes,14,1,28,3,16,0,0,9,0,Yarrow,,,Goldenrod,Milkweed,Yarrow,Blackberry,Multiflora Rose,,Blackberry,Multiflora Rose,,,,,,,,Maple,Cherry,,,,,,,,0,0,no,,,,4,5,,
"Sedge 3-1, 1-2",,24,4,36,3,5,0,2,20,5,Strawberry,,,Goldenrod,dog's bane,,salix,Autumn Olive,Blackberry,Salix,Autumn Olive,Blackberry,,,,,,,Black Locust,Hemlock,Oak,leaf litter,4,moss,1,,,0,0,no,,,1,1,0,,
Simmons-Reum 1-1,no,32,11,27,4,7,2,0,10,2,Strawberry,Yarrow,,Blackberry,Daisy,Goldenrod,Blueberry,Blackberry,Barberry,Blueberry,Blackberry,Barberry,Oak,Cherry,,,,,Maple,Hawthorne,,snag,2,,,,,0,1,no,,,,4,10,,
Simmons.01,no,34,11,23,1,9,0,0,6,4,Yarrow,Mint,Alfalfa,Yarrow,Mint,Alfalfa,Blackberry,Autumn Olive,,Blackberry,Autumn Olive,,,,,,,,Cherry,Walnut,Autumn Olive,brush,4,,,,,0,0,no,,,,4,60,,
Simpson.01,no,35,5,16,21,8,0,5,5,4,Mint ,Yarrow,Blackberry,Mint,Yarrow,Blackberry,Blackberry,Blueberry,Multifora Rose,Blackberry,Blueberry,Multiflora Rose,,,,Black Locust,,,Walnut,Maple,Apple,brush,4,,,,,0,0,no,,,,2,20,,
Simpson.02,no,34,17,23,15,12,0,0,12,7,,,,Goldenrod,Yarrow,Mint,Blackberry,Blueberry,,Blackberry,Blueberry,,,,,,,,Black Locust,Walnut,,brush,6,leaf litter,1,,,0,1,no,,,,4,60,,did not get distance to forest edge
Simpson.03,yes,30,2,30,15,8,0,4,8,5,Strawberry,,,Goldenrod,Strawberry,Yarrow,Blackberry,Blueberry,Autumn Olive,Blackberry,Autumn Olive,Blueberry,,,,Sassafras,Black Locust,Autumn Olive,White Oak,Sassafras,Cherry,brush,5,,,,,0,0,no,,,,3,10,,distance to forest edge
Simpson.04,yes,30,8,25,29,18,0,2,4,3,,,,Goldenrod,Strawberry,Blackberry,Blueberry,Blackberry,Autumn Olive,Blackberry,Blueberry,Autumn Olive,,,,Cherry,,,Maple,,,brush,3,,,,,0,0,no,,,,4,10,,
Simpson.05,yes,36,2,17,16,11,0,2,22,0,Clover,,,Thistle,Blackberry,Clover,Blackberry,Blueberry,Black Locust,Blackberry,Blueberry,Black Locust,,,,Black Locust,,,Black Locust,,,,,,,,,2,0,no,,,,4,5,,
Smith,yes,27,9,26,6,11,0,1,28,3,Strawberry,Alfalfa,Yarrow,Strawberry,Mint,Clover,Multiflora Rose,Blackberry,,Multiflora rose,Blackberry,,,,,Hickory,,,Walnut,Elm,Hawthorne,water,1,dead wood,1,vine,1,0,0,Yes,2,Stream,,4,15,,
Smith1.01,Yes,31,14,15,10,10,1,2,8,12,Clover,Blackberry,Strawberry,Clover,Blackberry,Strawberry,Blackberry,,,Blackberry,,,Hawthorne,,,Maple,Cherry,Hawthorne,Maple,Cherry,Hawthorne ,Rock,8,leaf litter,2,dead wood,2,0,0,Yes,15,Stream,,3,40,,
Smith1.02,yes,22,8,35,9,14,0,7,24,2,Yarrow,Clover,,dog's bane,Yarrow,Clover,Blackberry,Multiflora Rose,,Blackberry,Multiflora Rose,,,,,Black Locust,Cherry,Hawthorne,Black Locust,Hawthorne,Cherry,brush,2,,,,,0,0,no,,,,4,0,,
Smith1.03,yes,33,4,22,9,13,1,0,0,0,Alfalfa,Strawberry,,Clover,unknown,Yarrow,Blackberry,,,Blackberry,Elderberry,,Hawthorne,,,,,,,,,,,,,,,0,0,No,,,,4,35,,
Smith1.04,yes,32,6,30,13,9,0,1,14,1,Clover,Yarrow,,Alfalfa,Daisy,Clover,Multiflora Rose,Hawthorne,Blackberry,Multiflora rose,Blackberry,elderberry,,,,Hawthorne,,,Hawthorne,Cherry,,brush,1,,,,,0,0,no,,,,3,15,,
Smith1.05,No,19,19,28,11,2,2,0,25,5,Clover,Alfalfa,Yarrow,Jewel weed?,Alfalfa,Yarrow,Blackberry,Multiflora Rose,,Blackberry,Multiflora Rose,,Hawthorne,,,,,,Hawthorne,,,bare,3,brush,2,,,0,0,Yes,150,Seep,,1,2,,
Smith1.06,yes,32,30,33,23,7,2,2,7,11,Yarrow,Clover,Strawberry,Blackberry,Goldenrod,Clover,Blackberry,Multiflora Rose,Hawthorne,Blackberry,Multiflora Rose,Hawthorne,Hawthorne,Walnut,,Hawthorne,Walnut,Cherry,Hawthorne,Maple,Cherry,leaf litter,6,brush,4,rock,1,0,0,no,,,,2,10,,
Smith2.01,,30,16,23,5,10,1,0,4,2,Strawberry,,,Goldenrod,,,Blackberry,Multiflora Rose,,Blackberry,Multiflora Rose,,Staghorn sumac?,,,,,,Maple,Cherry,,bare,2,rock,1,,,0,0,no,,,,4,60,,
Smith2.02,yes,39,10,14,12,7,1,0,2,0,Clover,Yarrow,,Clover,Yarrow,,Blackberry,Multiflora Rose,,Blackberry,Multiflora Rose,,Walnut,,,,,,Walnut,,,,,,,,,0,0,no,,,,3,50,,
Smith 2-3,,26,8,17,16,15,2,20,4,1,Yarrow,Clover,,Yarrow,Clover,Blackberry,Blackberry,Multiflora Rose,,Blackberry,Multiflora Rose,,,,,Black Locust,,,Walnut,Black Locust,,bare,1,,,,,0,0,no,,,,3,10,,
Smith2.05,yes,28,8,30,6,11,0,2,14,1,,,,Milkweed,Mint,Goldenrod,,,,Blackberry,Multiflora Rose,,,,,Hawthorne,,,Walnut,Black Locust,Hawthorne,leaf litter,1,,,,,0,1,yes,6,"Stream, beaver wetland",,3,5,,
Smith 2-6,yes,30,8,10,9,19,0,4,11,0,Clover,Yarrow,Goldenrod,Clover,Yarrow,Goldenrod,Blackberry,elderberry,,Blackberry,Elderberry,,,,,Black Locust,Walnut,,Black Locust,,,,,,,,,0,0,Yes,40,stream,,4,0,,
Smith3.01,no,40,6,21,15,9,1,0,6,2,Alfalfa,Yarrow,,Alfalfa,Yarrow,,Blackberry,Multiflora Rose,,Blackberry,Multiflora Rose,,Black Locust,,,,,,Ash,Black Locust,,leaf litter,2,,,,,0,0,no,,,,2,5,,Pictures labeled as Terry 1-1
Smith3.02,,33,8,9,5,15,1,3,13,0,Alfalfa,Clover,,Goldenrod,dog's bane,,Blackberry,Multiflora Rose,,Blackberry,Multiflora Rose,,,,,Black Locust,Walnut,,Black Locust,,,,,,,,,0,0,yes,4,stream,,4,0,,Pictures labeled as Terry 1-1 (real 1-1)
Smith3.03,,34,7,20,7,8,0,1,15,1,Clover,Yarrow,,Goldenrod,Yarrow,Clover,Blackberry,Multiflora Rose,Black Locust,Blackberry,,,,,,,,,Cherry,Apple,,dead wood,1,,,,,0,1,no,,,,2,20,,
Smith3.04,,33,13,33,10,3,1,2,0,1,Yarrow,,,Goldenrod,Yarrow,,Blackberry,Hawthorne,,Blackberry,,,Hawthorne,,,Black Locust,Hawthorne,,,,,bare,1,,,,,0,0,no,,,3,2,,,
Smith3.05,no,40,8,38,10,1,1,1,0,6,Clover,Yarrow,Strawberry,Alfalfa,Blackberry,Goldenrod,Blackberry,Multiflora Rose,,Blackberry,Multiflora Rose,,Walnut,,,Locust,,,,,,rock,5,brush,,,,0,0,no,,,,2,,,
Starkey1,yes,25,4,20,10,18,0,8,2,1,Yarrow,,,Goldenrod,Yarrow,,Blackberry,Barberry,,Blackberry,Barberry,,,,,Black Locust,Cherry,,,,,Rock,1,,,,,0,0,no,,,,4,0,,
Starkey2,yes,39,8,33,21,2,0,0,3,1,,,,Yarrow,Thistle,Blackberry,Blackberry,Barberry,,,,,,,,,,,Apple,,,vine,1,,,,,0,0,Yes,25,Stream,,2,36,,
Starkey3,No,35,7,22,15,9,0,18,2,1,Yarrow,Clover,,Yarrow,Thistle,,Blackberry,Multiflora Rose,,Blackberry,Multiflora Rose,,,,,Black Locust,,,Apple,,,rock,1,,,,,0,0,no,,,,3,0,,
Starkey4,,34,5,28,9,7,0,0,34,3,Fern,,,,,,,,,,,,,,,,,,Black Locust,,,leaf litter,2,rock,1,,,10,5,no,,,,4,0,,
Starkey5,Yes,38,10,28,10,4,0,0,20,2,Yarrow,,,Unknown,Goldenrod,Clover,Blackberry,Multiflora Rose,,Blackberry,Multiflora Rose,,,,,,,,Black Locust,Walnut,Hawthorne,leaf litter,1,rock,1,,,1,1,Yes,40,pond,,3,20,,
Sullenberger 1-1,no,33,16,14,12,13,1,0,0,0,Yarrow,Clover,daisy,Yarrow,Clover,daisy,Blackberry,,,Blackberry,,,Hawthorne,,,,,,,,,,,,,,,0,0,no,,,,3,80,,
Sullenberger 1-2,yes,20,6,19,13,14,0,1,0,0,Clover,Yarrow,,Yarrow,Thistle,,Blackberry,Multiflora Rose,,Blackberry,Multiflora Rose,,,,,Hawthorne,,,,,,,,,,,,0,0,no,,,,3,70,,
Sullenberger 1-3,yes,21,3,23,4,9,0,3,8,0,Strawberry,Yarrow,,Goldenrod,Yarrow,chickweed,Blackberry,,,Blackberry,,,,,,Black Locust,,,Black Locust,Oak,,,,,,,,0,0,no,,,,3,0,,
Sullenberger 1-4,yes,25,9,32,15,13,1,4,4,1,Alfalfa,Clover,,Phlox,Thistle,Yarrow,Blackberry,Barberry,,Blackberry,Barberry,,Hawthorne,,,Hawthorne,Cherry,,Maple,Black Locust,sycamore,water,1,,,,,0,0,yes,5,seep,,3,60,,
Sullenberger 1-5,yes,18,4,22,14,24,7,5,4,0,Strawberry,Yarrow,,Yarrow,Blackberry,,Blackberry,Blueberry,,Blackberry,,,Black Locust,Maple,,Black Locust,Hawthorne,,Black Locust,,,,,,,,,0,0,no,,,,3,30,,
Sullenberger 1-6,yes,21,8,33,9,13,0,4,15,3,Clover,Alfalfa,,Goldenrod,Mint,Yarrow,Blackberry,Blueberry,,Blackberry,Hawthorne,Blueberry,,,,Black Locust,Hawthorne,,Cherry,Black Locust,Maple,brush,2,bare,1,,,0,0,no,,,,2,10,,
Sullenberger 1-7,,26,8,28,19,5,1,6,6,3,Clover,Strawberry,,Goldenrod,Yarrow,,Blackberry,Blueberry,,Blackberry,Blueberry,,Black Locust,,,Black Locust,,,Black Locust,,,brush,2,rock,1,,,0,0,no,,,,2,32,,
Sweet 2-1,,29,14,20,11,8,1,0,7,0,Strawberry,,,Fern,Goldenrod,,Blueberry,Young Willow,Mountain Laurel,Blueberry,,,Cherry,,,,,,Cherry,Pine,,,,,,,,0,0,Yes,,Stream,3,3,30,,
Taplinger 1-1,no,34,16,12,10,6,0,0,19,10,Alfalfa,Clover,Strawberry,Fern,Yarrow,,Blackberry,Barberry,Blueberry,Blackberry,Barberry,Blueberry,,,,,,,Maple,Oak,Hawthorne,leaf litter,8,rock,2,,,0,0,Yes,30,Stream,1,1,5,,
Terrr 1-2,no,29,7,13,5,15,0,1,10,0,,,,Thistle,Alfalfa,,Blackberry,,,Blackberry,,,,,,Black Locust,,,Cherry,Black Locust,,,,,,,,0,0,no,,,,4,150,,
Terry 1-1,no,34,2,26,19,4,0,0,12,1,,,,Thistle,Blackberry,,Blackberry,Multiflora Rose,,Blackberry,,,,,,,,,Black Locust,Maple,Hickory,brush,1,,,,,0,0,no,,,,3,15,,
Webb.01,,23,2,18,7,13,1,6,25,0,Yarrow,Clover,,Goldenrod,Milkweed,,Barberry,willow,Blackberry,barberry,willow,Blackberry,Black Locust,,,Black Locust,Pine,,Black Locust,Pine,,,,,,,,0,0,Yes,30,stream,,2,0,,
Webb.02,no,26,4,8,22,3,0,1,13,0,Clover,,,Yarrow,,,Blueberry,Blackberry,Barberry,Blueberry,Blackberry,Barberry,,,,Black Locust,,,Black Locust,,,,,,,,,0,0,Yes,100,stream,,3,40,,
Wilke 1-1,,34,15,23,10,12,0,4,8,4,,,,Goldenrod,Alfalfa,,Blackberry,,,,,,,,,Hawthorne,Tulip Poplar,,Cherry,Walnut,,moss,2,bare,1,brush,1,0,0,no,,,,3,50,,
Wilke 1-2,no,33,0,33,6,8,1,5,20,0,,,,Phlox,unknown,,Multiflora Rose,Blackberry,,Multiflora Rose,Blackberry,,,,,Walnut,,,Walnut,Maple,,,,,,,,0,0,yes,10,Stream,,2,60,,
Wilke 1-3,no,16,19,15,6,25,0,0,20,7,Alfalfa,,,Alfalfa,Thistle,,Multiflora Rose,Blackberry,,,,,,,,,,,Walnut,Maple,Hawthorne,bare,5,leaf litter,2,,,0,0,yes,5,seep,,4,10,,
Williams 1-1,yes,40,1,39,9,8,0,2,11,1,,,,dog's bane,Skunk Cabbage,fern,willow,Blackberry,Multifora Rose,Willow,Blackberry,Multiflora Rose,,,,,,,Walnut,Hawthorne,alder,dead wood,1,,,,,0,0,yes,20,stream,,1,40,,
Wistful Vista 1-1,no,26,4,24,10,8,8,10,0,0,Strawberry,Yarrow,,Fern,Goldenrod,,Blackberry,Multiflora Rose,,Blackberry,Multiflora Rose,,Black Locust,,,Black Locust,,,,,,,,,,,,0,0,no,,,,2,30,,
Witsch01,yes,23,5,25,7,15,2,2,6,6,Clover,Yarrow,Strawberry,Goldenrod,Clover,,Blackberry,,,Blackberry,,,Black Locust,Cherry,,Black Locust,Cherry,,Maple,Hickory,Cherry,Vine,5,rock,1,,,0,0,no,,,,2,25,,
Witsch02,yes,34,9,29,20,8,1,10,7,3,Clover,Yarrow,,Clover,Yarrow,,Blackberry,Hawthorne,elderberry,Blackberry,,,,,,Maple,Hickory,Cherry,Black Locust,,,dead wood,2,vine,1,,,0,0,no,,,,3,23,,
Witsch03,yes,38,8,22,10,12,1,5,0,0,Clover,Yarrow,Alfalfa,Blackberry,,,Blackberry,Multiflora Rose,,Blackberry,,,,,,Staghorn,Cherry,Maple,,,,,,,,,,0,0,no,,,,4,40,,
Witsch04,,35,16,27,12,8,3,2,18,8,Yarrow,Alfalfa,,Yarrow,Alfalfa,,Blackberry,Black Locust,,Blackberry,Elderberry,,Black Locust,Maple,,Black Locust,Maple,,Black Locust,Cherry,Maple,leaf litter,6,dead wood,1,brush,1,1,0,no,,,,4,,,
